age_0,adviser_0,rate
20.0,1.0,0.1999999999999999
20.0,2.0,0.1999999999999999
20.0,3.0,0.1999999999999999
21.0,1.0,0.3333333333333333
21.0,2.0,0.3333333333333333
21.0,3.0,0.3333333333333333
30.0,1.0,0.3
30.0,2.0,0.3
30.0,3.0,0.3
31.0,1.0,0.5
31.0,2.0,0.5
31.0,3.0,0.5
40.0,1.0,0.4
40.0,2.0,0.4
40.0,3.0,0.4
41.0,1.0,0.5
41.0,2.0,0.5
41.0,3.0,0.5
50.0,1.0,0.5
50.0,2.0,0.5
50.0,3.0,1.0
51.0,1.0,0.6
51.0,2.0,0.6
60.0,1.0,0.6
60.0,2.0,0.6
60.0,3.0,1.0
61.0,1.0,0.75
61.0,2.0,0.75
